snname2,            zhel,          zcmb,         EBVmw,         dm15b,       e_dm15b,  covM_st,  covBV_M,            BV,          e_BV,        B_Tmax,        B_Mmax,       B_eMmax,        B_Tmax,        B_Mmax,       B_eMmax,        V_Tmax,        V_MBmax,       V_eBMmax,        U_Tmax,        U_MBmax,       U_eMBmax,       W2_Tmax,       W2_MBmax,      W2_eMBmax,       M2_Tmax,       M2_MBmax,      M2_eMBmax,       W1_Tmax,       W1_MBmax,      W1_eMBmax
SN2016gxp,     0.0180000,   9.67337e-05,      0.106452,       1.22132,     0.0896464,       99,       99,      0.138784,     0.0274336,       57685.5,       15.0562,   0.000814438,       57688.4,       14.9174,     0.0274215,       57679.0,       14.7847,     0.0291364,       57679.8      17.5449,     0.0583625,       57674.9,       17.7778,     0.0621134,       57678.0,       16.3479,     0.0641594
SN2016gsb,    0.00970000,   6.33773e-05,     0.0587097,           NaN,           NaN,       99,       99,     0.0595188,    0.00510841,       57670.6,       14.5352,   0.000312805,       57672.7,       14.4756,    0.00509882,       57668.7,       14.6187,    0.00886758,       57669.0      17.6977,    0.00874996,           NaN,           NaN,           NaN,       57668.6,       16.0629,     0.0112143
SN2016fej,     0.0109140,   0.000113412,     0.0409677,      0.870927,     0.0475395,       99,       99,    0.00650883,     0.0143002,       57635.7,       13.9042,   0.000706673,       57638.4,       13.8977,     0.0142827,       57633.2,       13.4126,     0.0251305,       57635.1      16.4821,    0.00459957,       57639.1,       17.5954,     0.0486045,       57632.8,       15.0075,     0.0289168
SN2016eii,     0.0360000,           NaN,     0.0335484,           NaN,           NaN,       99,       99,     0.0256996,     0.0105498,       57606.5,       16.7587,   0.000754356,       57608.5,       16.7330,     0.0105228,       57602.6,       16.6539,     0.0230303,           NaN          NaN,           NaN,           NaN,           NaN,           NaN,       57603.3,       18.3937,     0.0118723
SN2016euj,     0.0170000,   0.000106741,     0.0170968,           NaN,           NaN,       99,       99,     0.0270567,    0.00378983,       57619.2,       15.3277,    0.00108528,       57619.5,       15.3006,    0.00363111,       57615.9,       14.8743,     0.0335422,           NaN          NaN,           NaN,           NaN,           NaN,           NaN,       57616.0,       16.4297,     0.0325419
SN2016ekg,     0.0170000,   0.000220153,     0.0193548,       1.01683,     0.0500518,       99,       99,     -0.100615,    0.00287763,       57609.1,       14.9707,   0.000836849,       57609.7,       15.0713,    0.00275326,       57607.4,       14.6173,     0.0199129,       57605.9      17.7381,     0.0232585,       57609.0,       18.2767,    0.00144958,       57607.7,       16.1171,     0.0213480
SN2016eiy,    0.00866300,    0.00817233,     0.0967742,       1.27560,     0.0377314,       99,       99,      0.262479,     0.0105607,       57607.7,       14.4822,   0.000644684,       57610.0,       14.2197,     0.0105410,       57605.7,       14.6439,     0.0172532,       57606.8      17.8374,    0.00548331,           NaN,           NaN,           NaN,       57606.5,       16.2039,     0.0101922
SN2016coj,    0.00448300,   9.00624e-05,     0.0164516,           NaN,           NaN,       99,       99,           NaN,           NaN,           NaN,           NaN,           NaN,       57566.3,           NaN,           NaN,           NaN,           NaN,           NaN,       57545.5          NaN,           NaN,       57546.4,           NaN,           NaN,       57544.8,           NaN,           NaN
SN2016ccj,     0.0410000,   0.000410284,     0.0287097,      0.623442,      0.192574,       99,       99,     0.0351944,     0.0593458,       57523.5,       16.9778,    0.00200748,       57526.8,       16.9426,     0.0593119,       57519.9,       16.2382,     0.0641445,       57517.6      18.5315,      0.204125,       57516.9,       18.0587,      0.115253,       57517.8,       17.3094,      0.160972
SN2016ccz,     0.0150000,   9.67337e-05,     0.0132258,           NaN,           NaN,       99,       99,     0.0531111,     0.0144640,       57537.5,       15.3287,    0.00101757,       57539.6,       15.2756,     0.0144281,       57536.6,       15.4436,    0.00646226,           NaN          NaN,           NaN,           NaN,           NaN,           NaN,       57537.5,       17.0392,    0.00151920
SN2016blk,     0.0299700,           NaN,     0.0112903,           NaN,           NaN,       99,       99,           NaN,           NaN,           NaN,           NaN,           NaN,           NaN,           NaN,           NaN,           NaN,           NaN,           NaN,           NaN          NaN,           NaN,           NaN,           NaN,           NaN,           NaN,           NaN,           NaN
SN2016bln,     0.0235000,     0.0254343,     0.0209677,      0.888028,     0.0486769,       99,       99,     0.0373249,    0.00407822,       57498.8,       15.9915,   0.000406742,       57500.4,       15.9542,    0.00405788,       57495.5,       15.3904,     0.0124997,       57495.9      18.5141,     0.0129175,       57496.9,       19.6797,    0.00662486,       57495.5,       16.9410,     0.0105414
SN2016bqs,     0.0329160,   0.000123419,     0.0283871,       1.38102,     0.0606262,       99,       99,    -0.0165501,    0.00552475,       57490.4,       16.9618,   0.000562668,       57491.8,       16.9784,    0.00549603,       57487.6,       16.5507,     0.0193294,           NaN          NaN,           NaN,           NaN,           NaN,           NaN,       57487.0,       18.2522,     0.0244091
SN2016blc,     0.0120000,           NaN,     0.0332258,       1.07818,      0.224486,       99,       99,    -0.0908709,    0.00388373,       57489.8,       14.5623,    0.00272179,       57489.5,       14.6532,    0.00277042,       57486.7,       14.0533,     0.0765828,       57489.1      17.1482,     0.0631000,       57489.7,       18.0277,    0.00504494,       57486.7,       15.7037,     0.0882408
SN2016bfu,     0.0104000,   7.67199e-05,     0.0419355,           NaN,           NaN,       99,       99,           NaN,           NaN,           NaN,           NaN,           NaN,           NaN,           NaN,           NaN,           NaN,           NaN,           NaN,           NaN          NaN,           NaN,           NaN,           NaN,           NaN,           NaN,           NaN,           NaN
SN2016asf,     0.0210000,     0.0203708,      0.100000,       1.32939,      0.245741,       99,       99,     0.0861320,     0.0374873,       57466.9,       16.0330,    0.00193310,       57467.8,       15.9469,     0.0374374,       57462.5,       16.0329,      0.107958,       57467.8      19.1098,     0.0882363,           NaN,           NaN,           NaN,       57463.1,       17.6624,      0.105491
SN2016aqt,     0.0500000,           NaN,     0.0148387,      0.888412,     0.0820542,       99,       99,    0.00110626,    0.00763390,       57454.2,       17.2180,    0.00129890,       57456.5,       17.2169,    0.00752258,       57449.5,       16.9678,      0.125572,           NaN          NaN,           NaN,           NaN,           NaN,           NaN,       57454.5,       18.3963,     0.0156584
SN2016F,     0.0161380,   7.67199e-05,     0.0425806,           NaN,           NaN,       99,       99,     0.0239763,    0.00390997,       57405.9,       15.2130,   0.000862122,       57407.7,       15.1890,    0.00381374,       57403.0,       15.1707,     0.0258889,           NaN          NaN,           NaN,           NaN,           NaN,           NaN,       57403.2,       16.7647,     0.0275240
ASASSN-15uh,     0.0135000,           NaN,      0.129677,           NaN,           NaN,       99,       99,           NaN,           NaN,           NaN,           NaN,           NaN,           NaN,           NaN,           NaN,           NaN,           NaN,           NaN,           NaN          NaN,           NaN,           NaN,           NaN,           NaN,           NaN,           NaN,           NaN
ASASSN-15tj,     0.0222650,   0.000126755,     0.0403226,           NaN,           NaN,       99,       99,     0.0413303,    0.00652397,       57370.1,       15.9925,   0.000588417,       57372.0,       15.9512,    0.00649738,       57368.0,       15.9007,     0.0127031,       57368.4      19.1616,     0.0106344,           NaN,           NaN,           NaN,       57368.5,       17.5606,    0.00967185
SN2015bq,     0.0280000,   0.000200139,     0.0116129,           NaN,           NaN,       99,       99,           NaN,           NaN,           NaN,           NaN,           NaN,           NaN,           NaN,           NaN,           NaN,           NaN,           NaN,           NaN          NaN,           NaN,           NaN,           NaN,           NaN,           NaN,           NaN,           NaN
ASASSN-15ti,     0.0160000,           NaN,      0.130968,           NaN,           NaN,       99,       99,      0.175198,    0.00216041,       57364.0,       16.2205,   0.000884056,       57365.1,       16.0453,    0.00197124,       57361.6,       16.0574,     0.0231441,       57362.0      19.0467,     0.0343757,       57361.4,       19.7770,     0.0537227,       57357.8,       17.6438,     0.0189145
ASASSN-15so,    0.00712500,   7.33842e-05,     0.0125806,       1.26867,     0.0791955,       99,       99,    -0.0578346,     0.0132652,       57344.6,       13.7757,    0.00103140,       57347.1,       13.8335,     0.0132251,       57341.6,       13.3023,     0.0397083,       57343.1      16.2205,     0.0180006,       57343.8,       16.6855,     0.0142314,       57341.5,       14.8853,     0.0478637
ASASSN-15sf,     0.0270000,           NaN,     0.0267742,           NaN,           NaN,       99,       99,    -0.0388317,    0.00524302,       57332.8,       16.0572,   0.000789642,       57335.1,       16.0960,    0.00518322,       57330.1,       15.5309,     0.0357609,           NaN          NaN,           NaN,           NaN,           NaN,           NaN,       57329.9,       17.2903,     0.0264465
SN2015ar,     0.0170050,     0.0166649,     0.0516129,       1.45865,      0.219581,       99,       99,    0.00449181,     0.0446343,       57351.2,       15.2778,    0.00238752,       57353.3,       15.2733,     0.0445704,       57348.7,       14.8312,     0.0927162,       57348.0      17.6911,     0.0851612,       57348.5,       18.0933,      0.157471,       57346.8,       16.4080,     0.0668621
ASASSN-15rw,     0.0189000,           NaN,      0.120000,           NaN,           NaN,       99,       99,      0.138977,    0.00497217,       57329.4,       15.6580,   0.000600815,       57330.5,       15.5190,    0.00493574,       57325.9,       15.2576,     0.0220997,       57326.5      18.4468,     0.0241299,           NaN,           NaN,           NaN,       57326.1,       17.0798,     0.0186219
ASASSN-15rq,     0.0250000,           NaN,     0.0112903,      0.842068,     0.0599716,       99,       99,    -0.0122719,    0.00897155,       57324.3,       15.4688,   0.000874996,       57325.2,       15.4811,    0.00892878,       57321.6,       14.8139,     0.0427175,       57319.6      17.6167,     0.0827233,       57318.7,       17.7933,     0.0966911,       57320.1,       16.1341,     0.0789131
PSNJ09100885+5003396,     0.0260000,   0.000106741,           NaN,           NaN,           NaN,       99,       99,           NaN,           NaN,           NaN,           NaN,           NaN,           NaN,           NaN,           NaN,           NaN,           NaN,           NaN,           NaN          NaN,           NaN,           NaN,           NaN,           NaN,           NaN,           NaN,           NaN
SN2015ak,     0.0103700,   7.67199e-05,     0.0254839,           NaN,           NaN,       99,       99,      0.225562,    0.00364400,       57268.1,       14.8523,   0.000836372,       57268.5,       14.6268,    0.00354671,       57266.1,       14.8375,     0.0113683,       57266.3      18.1020,     0.0212622,           NaN,           NaN,           NaN,       57266.0,       16.7520,     0.0186653
ASASSN-15od,     0.0179890,     0.0174154,     0.0225806,       1.66454,      0.157280,       99,       99,     0.0212736,     0.0574053,       57257.1,       15.4100,    0.00242805,       57257.4,       15.3887,     0.0573540,       57253.7,       15.2132,      0.228978,       57255.7      18.3348,     0.0176824,           NaN,           NaN,           NaN,       57256.2,       16.8408,     0.0783440
SN2015N,     0.0149200,     0.0190098,      0.403226,           NaN,           NaN,       99,       99,      0.418196,      0.127376,       57221.9,       16.7720,    0.00233078,       57227.0,       16.3538,      0.127355,       57221.3,       17.2009,     0.0383158,           NaN          NaN,           NaN,           NaN,           NaN,           NaN,       57223.1,       18.9757,     0.0342185
SN2015M,     0.0231000,   9.00624e-05,    0.00935484,           NaN,           NaN,       99,       99,           NaN,           NaN,           NaN,           NaN,           NaN,           NaN,           NaN,           NaN,           NaN,           NaN,           NaN,           NaN          NaN,           NaN,           NaN,           NaN,           NaN,           NaN,           NaN,           NaN
ASASSN-15kg,     0.0142570,   0.000116748,     0.0183871,           NaN,           NaN,       99,       99,     0.0403938,     0.0138045,       57181.3,       15.2822,    0.00206614,       57183.2,       15.2418,     0.0136490,       57179.5,       14.9785,     0.0649705,           NaN          NaN,           NaN,           NaN,           NaN,           NaN,       57176.9,       16.8205,      0.103087
SN2015I,    0.00760000,    0.00815232,     0.0483871,           NaN,           NaN,       99,       99,      0.141109,    0.00803567,       57156.6,       14.1683,   0.000852108,       57157.3,       14.0272,    0.00799036,       57154.5,       13.7775,     0.0286142,       57155.2      17.1626,    0.00589323,       57158.0,       18.5051,    0.00748889,       57154.2,       15.4340,     0.0223620
ASASSN-15hy,     0.0250000,           NaN,      0.132258,           NaN,           NaN,       99,       99,           NaN,           NaN,           NaN,           NaN,           NaN,           NaN,           NaN,           NaN,           NaN,           NaN,           NaN,           NaN          NaN,           NaN,           NaN,           NaN,           NaN,           NaN,           NaN,           NaN
ASASSN-15hx,     0.0100000,           NaN,     0.0422581,           NaN,           NaN,       99,       99,           NaN,           NaN,           NaN,           NaN,           NaN,           NaN,           NaN,           NaN,           NaN,           NaN,           NaN,           NaN          NaN,           NaN,           NaN,           NaN,           NaN,           NaN,           NaN,           NaN
ASASSN-15hf,    0.00617800,   0.000146768,     0.0858065,           NaN,           NaN,       99,       99,           NaN,           NaN,           NaN,           NaN,           NaN,           NaN,           NaN,           NaN,           NaN,           NaN,           NaN,           NaN          NaN,           NaN,           NaN,           NaN,           NaN,           NaN,           NaN,           NaN
SN2015F,    0.00489000,    0.00437970,      0.177419,       1.21524,     0.0332766,       99,       99,      0.213162,    0.00210531,       57106.3,       13.4878,   0.000233173,       57108.1,       13.2747,    0.00209236,       57103.5,       13.3470,    0.00733995,       57104.3      16.4465,    0.00522900,       57106.3,       17.5838,   0.000499725,       57103.7,       14.9979,    0.00738001
SN2015bp,    0.00406900,   7.67199e-05,     0.0454839,           NaN,           NaN,       99,       99,           NaN,           NaN,           NaN,           NaN,           NaN,           NaN,           NaN,           NaN,           NaN,           NaN,           NaN,           NaN          NaN,           NaN,           NaN,           NaN,           NaN,           NaN,           NaN,           NaN
SN2015bo,     0.0161950,     0.0183494,     0.0209677,           NaN,           NaN,       99,       99,      0.649591,     0.0722090,       57075.2,       16.9317,    0.00276756,       57076.1,       16.2821,     0.0721560,       57073.2,       17.7493,     0.0682497,           NaN          NaN,           NaN,           NaN,           NaN,           NaN,       57075.7,       19.2317,     0.0193887
ASASSN-15ar,     0.0288200,   0.000116748,     0.0945161,           NaN,           NaN,       99,       99,      0.103586,    0.00335856,       57042.2,       16.8610,   0.000769615,       57042.8,       16.7574,    0.00326920,       57040.1,       16.7153,     0.0261793,       57043.1      20.0974,    0.00479380,           NaN,           NaN,           NaN,       57039.9,       18.5337,     0.0281798
iPTF14atg,     0.0214050,           NaN,           NaN,           NaN,           NaN,       99,       99,      0.368490,    0.00209209,       56798.9,       17.2202,    0.00129128,       56799.0,       16.8517,    0.00164604,       56796.8,       16.6369,     0.0306431,       56794.7      18.5290,      0.123361,       56794.8,       18.2906,      0.105000,       56795.1,       17.6328,     0.0932045
ASASSN-14lw,     0.0230000,           NaN,     0.0119355,           NaN,           NaN,       99,       99,           NaN,           NaN,           NaN,           NaN,           NaN,           NaN,           NaN,           NaN,           NaN,           NaN,           NaN,       57010.6          NaN,           NaN,       57013.0,           NaN,           NaN,       57009.1,           NaN,           NaN
ASASSN-14lp,    0.00510000,    0.00668797,     0.0209677,      0.899120,     0.0384062,       99,       99,      0.363297,    0.00290825,       57015.8,       12.3650,   0.000356674,       57017.0,       12.0017,    0.00288630,       57012.3,       12.2576,     0.0160510,       57013.3      15.5549,     0.0112537,       57015.0,       17.1448,    0.00392580,       57012.3,       14.0161,     0.0159812
SN2014eg,     0.0186330,   0.000110076,     0.0258065,      0.677305,     0.0861907,       99,       99,      0.319600,     0.0286862,       56991.4,       15.7758,    0.00121880,       56994.1,       15.4562,     0.0286603,       56987.3,       15.3610,     0.0512414,       56983.8      18.7851,     0.0435441,           NaN,           NaN,           NaN,       56987.2,       17.1459,     0.0530138
ASASSN-14kd,     0.0260000,   6.33773e-05,     0.0587097,           NaN,           NaN,       99,       99,           NaN,           NaN,           NaN,           NaN,           NaN,           NaN,           NaN,           NaN,           NaN,           NaN,           NaN,           NaN          NaN,           NaN,           NaN,           NaN,           NaN,           NaN,           NaN,           NaN
CSS140914,     0.0300000,   3.66921e-05,           NaN,           NaN,           NaN,       99,       99,    -0.0527687,    0.00145591,       56925.7,       16.7280,   0.000718117,       56925.5,       16.7808,    0.00126648,       56923.2,       16.2270,     0.0206197,           NaN          NaN,           NaN,           NaN,           NaN,           NaN,       56923.1,       17.7460,     0.0198641
SN2014dg,    0.00400300,    0.00482001,      0.612903,           NaN,           NaN,       99,       99,      0.684868,     0.0236638,       56924.7,       14.5870,    0.00279999,       56926.3,       13.9021,     0.0234976,       56921.6,       14.6274,     0.0952964,       56921.8      18.0281,     0.0991351,       56922.6,       19.7350,      0.104204,       56920.8,       16.5127,      0.214005
ASASSN-14eu,     0.0227220,   0.000176789,      0.133226,           NaN,           NaN,       99,       99,           NaN,           NaN,           NaN,           NaN,           NaN,           NaN,           NaN,           NaN,           NaN,           NaN,           NaN,           NaN          NaN,           NaN,           NaN,           NaN,           NaN,           NaN,           NaN,           NaN
iPTF14bdn,     0.0158800,   9.00624e-05,     0.0100000,      0.810072,     0.0566267,       99,       99,    -0.0314732,    0.00481311,       56822.2,       14.8262,   0.000654697,       56823.6,       14.8576,    0.00476837,       56819.2,       14.4222,     0.0187647,       56820.0      17.7746,     0.0102820,       56821.2,       18.6119,    0.00485547,       56817.9,       16.2435,     0.0238794
PS1-14xw,     0.0244800,   9.67337e-05,     0.0658065,           NaN,           NaN,       99,       99,     -0.172710,     0.0462151,       56784.1,       16.1230,   0.000789642,       56788.6,       16.2957,     0.0462084,       56783.0,       15.7657,    0.00505638,       56782.5      19.1124,     0.0177269,       56785.6,       20.2182,     0.0425593,       56783.4,       17.4596,    0.00576878
SN2014at,     0.0322420,   0.000163447,     0.0164516,           NaN,           NaN,       99,       99,    -0.0629692,     0.0161125,       56774.0,       16.4975,    0.00126553,       56776.1,       16.5605,     0.0160627,       56771.3,       16.0289,     0.0616083,       56774.7      19.1136,     0.0219793,       56772.8,       20.2838,    0.00754499,       56771.4,       17.7816,     0.0459423
SN2014ap,     0.0235160,   0.000210146,     0.0145161,           NaN,           NaN,       99,       99,      0.130045,    0.00148503,       56736.0,       16.3135,   0.000418663,       56736.5,       16.1835,    0.00142479,       56737.2,       16.4500,     0.0144529,       56736.2      19.3752,    0.00116539,       56736.2,       19.8808,    0.00116539,       56739.0,       18.5141,     0.0625718
SN2014ai,     0.0231760,   5.33703e-05,     0.0148387,       1.49538,     0.0610092,       99,       99,      0.133549,    0.00262667,       56745.7,       16.2680,   0.000648499,       56746.3,       16.1345,    0.00254536,       56742.8,       16.3710,     0.0181403,       56742.5      19.3575,    0.00652647,           NaN,           NaN,           NaN,       56737.9,       18.0034,     0.0264374
ASASSN-14ad,     0.0264250,   0.000106741,     0.0158065,           NaN,           NaN,       99,       99,    -0.0922756,    0.00608177,       56693.1,       16.2837,   0.000673294,       56694.9,       16.3759,    0.00604439,       56689.6,       16.1795,     0.0364822,       56693.7      19.3072,    0.00310278,           NaN,           NaN,           NaN,       56690.4,       17.7727,     0.0273600
SN2014J,   0.000677000,    0.00144100,     0.0516129,       1.01076,     0.0360080,       99,       99,       1.30658,    0.00397867,       56690.0,       11.8908,   0.000479698,       56691.7,       10.5843,    0.00394964,       56687.6,       13.0244,    0.00954914,       56689.2      15.7344,   0.000561078,       56687.1,       19.3978,     0.0178181,       56688.6,       14.5691,    0.00339365
SN2014I,     0.0300000,   7.33842e-05,     0.0209677,           NaN,           NaN,       99,       99,    -0.0928097,    0.00734090,       56682.9,       16.4063,   0.000895500,       56683.6,       16.4991,    0.00728607,       56680.5,       15.9230,    0.00793648,       56681.1      19.2312,     0.0163196,       56681.5,       20.0898,     0.0323029,       56679.7,       17.7602,     0.0221243
iPTF13ebh,     0.0132690,   8.67268e-05,     0.0667742,       1.75919,     0.0603017,       99,       99,     0.0533142,    0.00560274,       56622.3,       15.3557,   0.000363827,       56624.5,       15.3024,    0.00559092,       56620.1,       15.4773,    0.00904632,       56621.5      18.4245,    0.00238482,       56622.9,       19.3986,    0.00282192,       56620.4,       17.1142,    0.00762463
iPTF13dge,     0.0158540,   3.33565e-05,     0.0774194,      0.992453,     0.0727199,       99,       99,  -0.000628471,    0.00586230,       56555.6,       15.3837,   0.000946045,       56558.2,       15.3843,    0.00578547,       56553.3,       15.1655,     0.0260634,       56553.6      18.4195,     0.0200003,       56558.4,       19.3963,     0.0371170,       56552.9,       16.8078,     0.0189026
LSQ13ry,     0.0298570,   0.000140097,     0.0400000,           NaN,           NaN,       99,       99,     0.0326996,     0.0501010,       56394.2,       16.7563,    0.00274086,       56395.7,       16.7236,     0.0500259,       56391.0,       16.2323,      0.199075,       56391.4      19.5816,      0.321464,           NaN,           NaN,           NaN,       56390.7,       18.1172,      0.251842
ASASSN-13ch,     0.0164600,   0.000110076,      0.105161,           NaN,           NaN,       99,       99,      0.157223,     0.0438601,       56536.6,       15.8217,    0.00126410,       56538.5,       15.6644,     0.0438418,       56534.2,       15.5811,      0.178423,       56535.8      18.6563,     0.0174365,           NaN,           NaN,           NaN,       56535.2,       17.2794,     0.0102911
SN2013gy,     0.0140230,   3.00208e-05,     0.0500000,       1.33668,     0.0397372,       99,       99,    -0.0660601,    0.00540514,       56648.7,       14.8765,   0.000438690,       56650.9,       14.9426,    0.00538731,       56645.8,       14.7221,     0.0160255,       56646.4      17.9162,     0.0137622,       56647.8,       18.6963,    0.00525045,       56645.9,       16.4557,     0.0152604
SN2013gs,     0.0168880,   9.67337e-05,     0.0167742,       1.12476,     0.0550559,       99,       99,     0.0173521,    0.00774141,       56639.1,       15.4787,   0.000469685,       56641.5,       15.4613,    0.00772715,       56636.9,       15.4130,     0.0123272,       56637.8      18.7086,    0.00643539,       56641.4,       19.9554,     0.0510117,       56637.3,       17.0837,     0.0101852
SN2013gh,    0.00880000,   4.66990e-05,     0.0248387,           NaN,           NaN,       99,       99,      0.164673,     0.0102278,       56528.3,       14.4070,   0.000821114,       56529.9,       14.2423,     0.0101948,       56525.9,       14.4588,     0.0243969,       56526.3      17.6078,     0.0173578,       56525.9,       18.6466,     0.0170337,       56525.0,       16.2244,     0.0361285
SN2013fw,     0.0169500,   6.33773e-05,     0.0670968,           NaN,           NaN,       99,       99,     0.0472994,     0.0181826,       56600.7,       15.2712,   0.000955105,       56603.7,       15.2239,     0.0181575,       56597.8,       15.0591,     0.0297689,       56600.2      18.2623,    0.00549984,       56601.7,       19.0390,     0.0244729,       56597.9,       16.7183,     0.0250006
SN2013ex,     0.0104410,   4.66990e-05,      0.123871,       1.13241,     0.0566734,       99,       99,     0.0891523,    0.00650066,       56530.7,       14.8688,   0.000587940,       56531.8,       14.7797,    0.00647402,       56527.4,       14.5009,     0.0214259,       56527.3      17.7054,     0.0143433,       56529.0,       18.3586,     0.0281878,       56527.3,       16.1634,     0.0225000
SN2013dy,    0.00388900,   6.67129e-05,      0.132903,      0.901549,     0.0304733,       99,       99,      0.362270,   0.000801947,       56501.3,       13.2827,   0.000236511,       56502.3,       12.9204,   0.000766277,       56497.9,       12.8861,    0.00829951,       56498.3      16.2331,    0.00819111,       56501.1,       17.7087,   0.000333150,       56497.3,       14.5749,     0.0106236
SN2013cs,    0.00924000,   7.33842e-05,     0.0806452,       1.11435,     0.0351339,       99,       99,      0.113212,    0.00862165,       56436.7,       13.9865,   0.000338078,       56439.6,       13.8733,    0.00861502,       56433.9,       14.0793,    0.00967264,       56435.2      17.2862,    0.00508944,       56440.0,       18.5185,     0.0327148,       56434.0,       15.6496,     0.0101610
SN2013cg,    0.00795200,   0.000100069,     0.0751613,           NaN,           NaN,       99,       99,           NaN,           NaN,           NaN,           NaN,           NaN,           NaN,           NaN,           NaN,           NaN,           NaN,           NaN,       56419.8          NaN,           NaN,       56418.7,           NaN,           NaN,       56421.9,           NaN,           NaN
SN2013bs,     0.0276120,   0.000130090,     0.0251613,       1.71624,     0.0908093,       99,       99,     0.0916023,    0.00814666,       56406.4,       16.7933,   0.000810623,       56408.1,       16.7017,    0.00810623,       56402.9,       16.7616,     0.0292749,       56401.5      19.5113,     0.0157569,       56404.5,       19.5486,     0.0132771,       56398.8,       18.4874,     0.0427980
SN2013ag,     0.0212900,   9.67337e-05,     0.0103226,           NaN,           NaN,       99,       99,     0.0456390,    0.00432415,       56358.5,       16.0848,    0.00104809,       56358.7,       16.0392,    0.00419521,       56357.2,       15.9663,     0.0197622,       56354.3      18.9010,     0.0136935,       56354.6,       19.9069,     0.0111591,       56357.2,       17.7531,     0.0167402
SN2013aa,    0.00399900,   7.00486e-05,      0.147097,      0.963466,     0.0176459,       99,       99,     0.0702305,    0.00112502,           NaN,       11.6942,   0.000246525,       56344.7,       11.6239,    0.00109768,       56340.3,       11.3718,    0.00779963,       56340.8      14.5371,    0.00773168,       56342.3,       15.5008,    0.00272560,       56340.2,       12.8656,    0.00968552
SN2013Q,     0.0172390,   7.67199e-05,     0.0854839,           NaN,           NaN,       99,       99,      0.189743,     0.0124360,       56331.2,       15.7927,   0.000898838,       56333.0,       15.6029,     0.0124035,       56330.0,       15.8857,     0.0142999,           NaN          NaN,           NaN,           NaN,           NaN,           NaN,       56332.2,       17.6890,     0.0300525
SN2013E,    0.00941300,   9.00624e-05,     0.0845161,           NaN,           NaN,       99,       99,      0.162438,     0.0268496,       56308.7,       14.0910,    0.00233650,       56309.3,       13.9286,     0.0267477,       56306.9,       13.8610,     0.0364594,       56305.9      17.4186,      0.137773,       56306.4,       18.4804,      0.167331,       56306.7,       15.6368,     0.0549021
LSQ12gdj,     0.0303000,   7.00486e-05,     0.0203226,      0.875627,     0.0195552,       99,       99,    -0.0313091,    0.00213922,       56253.6,       15.9415,   0.000222206,       56255.7,       15.9728,    0.00212765,       56249.3,       15.1591,    0.00909042,       56248.4      18.2497,     0.0127137,       56249.1,       18.5083,    0.00523313,       56247.2,       16.7560,     0.0163654
SN2012ij,     0.0109980,   0.000106741,     0.0235484,           NaN,           NaN,       99,       99,           NaN,           NaN,           NaN,           NaN,           NaN,           NaN,           NaN,           NaN,           NaN,           NaN,           NaN,           NaN          NaN,           NaN,           NaN,           NaN,           NaN,           NaN,           NaN,           NaN
SN2012ht,    0.00355900,   7.00486e-05,     0.0251613,       1.24073,     0.0286597,       99,       99,    -0.0395193,    0.00217266,       56295.4,       13.1193,   0.000237942,       56296.5,       13.1589,    0.00215960,       56292.7,       12.9712,    0.00777960,       56293.2      15.9180,    0.00729704,       56293.6,       16.2976,    0.00431379,       56292.4,       14.4371,    0.00954247
SN2012hr,    0.00756200,   7.00486e-05,     0.0390323,       1.09095,     0.0488395,       99,       99,    -0.0203056,    0.00493068,       56288.8,       13.7428,   0.000553608,       56290.6,       13.7631,    0.00489950,       56286.6,       13.7584,     0.0138887,       56287.4      17.0005,    0.00750001,       56288.5,       17.9585,    0.00143814,       56286.5,       15.4268,     0.0143652
SN2012hj,     0.0245970,   0.000180125,    0.00967742,           NaN,           NaN,       99,       99,    -0.0528164,    0.00261856,       56277.2,       16.4857,   0.000586510,       56277.7,       16.5385,    0.00255203,       56275.5,       16.4029,     0.0132351,       56275.5      19.6290,    0.00866699,           NaN,           NaN,           NaN,       56276.1,       18.2580,    0.00917276
SN2012fr,    0.00545700,    0.00522362,    0.00967742,      0.856708,    0.00590501,       99,       99,    0.00821590,   0.000590053,       56243.5,       12.0130,   6.00815e-05,       56244.5,       12.0048,   0.000586987,       56240.9,       11.7340,    0.00105762,       56242.4      14.8782,   0.000225862,       56245.6,       15.9672,    0.00179990,       56241.0,       13.1197,   0.000931263
SN2012dn,     0.0101870,   6.00416e-05,     0.0525806,           NaN,           NaN,       99,       99,     0.0802784,    0.00815410,       56132.7,       14.3740,   0.000516891,       56135.8,       14.2937,    0.00813770,       56128.1,       13.8174,     0.0212970,       56126.1      16.4839,     0.0426400,       56125.0,       16.3726,     0.0418011,       56126.6,       15.1818,     0.0428603
SN2012da,     0.0180120,     0.0199805,    0.00806452,           NaN,           NaN,       99,       99,   -0.00749969,    0.00439049,       56110.0,       15.6147,    0.00219107,       56110.0,       15.6222,    0.00380468,       56106.2,       15.3297,     0.0686593,       56107.7      18.7303,     0.0308415,       56110.0,       19.3820,    0.00689665,       56106.7,       17.0622,     0.0472554
SN2012cp,     0.0165310,     0.0184895,     0.0161290,           NaN,           NaN,       99,       99,      0.340748,     0.0104643,       56082.9,       16.4775,    0.00143433,       56085.4,       16.1368,     0.0103655,       56078.6,       16.4632,     0.0715008,           NaN          NaN,           NaN,           NaN,           NaN,           NaN,       56080.2,       18.1785,      0.108974
SN2012cg,    0.00145800,   3.33565e-05,     0.0177419,       1.01012,    0.00819596,       99,       99,      0.199059,   0.000381708,       56081.5,       12.1950,   8.58307e-05,       56083.2,       11.9959,   0.000371933,       56079.1,       11.7791,    0.00316087,       56080.4      15.1638,    0.00188255,       56081.2,       16.4528,   0.000848293,       56079.1,       13.4407,    0.00346422
SN2012Z,    0.00712500,   2.66852e-05,     0.0345161,       1.41892,     0.0165437,       99,       99,      0.221623,    0.00668919,       55967.4,       14.7553,   0.000215054,       55973.5,       14.5337,    0.00668573,       55962.8,       14.5260,    0.00779963,       55958.1      17.4907,    0.00478745,       55956.3,       17.6279,    0.00900269,       55961.5,       16.2421,     0.0166702
SN2012V,     0.0109640,   7.33842e-05,     0.0641936,       1.53827,     0.0691964,       99,       99,    0.00132370,    0.00915029,       55960.8,       14.9385,   0.000794888,       55961.8,       14.9372,    0.00911570,       55958.3,       14.6028,     0.0296817,       55959.0      17.8263,     0.0260496,       55960.8,       18.5180,   0.000940323,       55959.0,       16.3773,     0.0273660
SN2011iv,    0.00649400,   4.33634e-05,     0.0100000,       1.69445,     0.0110928,       99,       99,    -0.0170145,    0.00191054,           NaN,       12.5028,   0.000157833,           NaN,       12.5198,    0.00190401,           NaN,           NaN,           NaN,       55903.0      15.2364,    0.00495990,       55903.9,       15.5890,    0.00310548,       55902.5,       13.9141,    0.00542426
SN2011im,     0.0162280,   5.67060e-05,     0.0558065,       1.24289,      0.249993,       99,       99,      0.217402,     0.0840436,       55903.1,       15.9498,    0.00276232,       55905.2,       15.7324,     0.0839982,       55896.7,       15.7201,     0.0768512,       55901.6      19.0041,      0.159750,           NaN,           NaN,           NaN,       55901.0,       17.4825,     0.0635357
SN2011ia,     0.0190000,   6.67129e-05,     0.0529032,       1.00189,     0.0892570,       99,       99,    -0.0468159,     0.0110310,       55891.6,       15.2225,    0.00112057,       55892.9,       15.2693,     0.0109739,       55889.2,       14.5850,     0.0578752,       55889.7      17.6185,     0.0501572,       55889.5,       18.1258,     0.0482992,       55888.7,       16.1286,     0.0768690
SN2011hb,     0.0289240,   7.33842e-05,     0.0512903,           NaN,           NaN,       99,       99,     0.0803871,    0.00395345,       55872.0,       16.5583,   0.000429153,       55873.4,       16.4779,    0.00393009,       55868.5,       16.5856,     0.0199188,       55871.5      19.7656,   0.000756264,           NaN,           NaN,           NaN,       55871.5,       18.3263,   0.000774384
SN2011fe,   0.000804000,   3.00208e-05,    0.00774194,       1.04661,     0.0225396,       99,       99,    -0.0283241,    0.00284335,       55845.5,       9.98923,   0.000243664,       55810.8,       10.0176,    0.00283289,       55824.0,       13.6479,     0.0633691,       55812.8      12.5508,    0.00365400,       55813.9,       12.9850,   0.000500202,       55812.0,       11.0136,    0.00585365
SN2011ek,    0.00502700,    0.00499346,      0.225806,           NaN,           NaN,       99,       99,      0.795067,     0.0123763,       55788.9,       15.4890,   0.000914097,       55790.5,       14.6939,     0.0123425,       55786.8,       16.1394,     0.0173699,       55786.7      19.5104,    0.00658353,           NaN,           NaN,           NaN,       55786.9,       17.9732,     0.0224962
SN2011eh,    0.00678500,   6.67129e-05,     0.0103226,           NaN,           NaN,       99,       99,      0.716107,     0.0304426,       55771.8,       15.5142,    0.00170040,       55772.7,       14.7981,     0.0303950,       55771.6,       16.3845,    0.00102425,       55771.4      19.3095,    0.00404390,           NaN,           NaN,           NaN,       55771.6,       17.9587,    0.00102425
SN2011dn,     0.0252720,     0.0262515,      0.119355,       1.26196,     0.0763132,       99,       99,      0.132418,     0.0137164,       55743.7,       16.2365,    0.00115108,       55745.3,       16.1041,     0.0136681,       55739.7,       15.8269,     0.0292501,       55739.4      19.1216,     0.0437883,       55739.0,       19.8209,     0.0902561,       55738.4,       17.5565,     0.0886642
SN2011dm,    0.00494000,   6.33773e-05,      0.522258,           NaN,           NaN,       99,       99,           NaN,           NaN,           NaN,           NaN,           NaN,           NaN,           NaN,           NaN,           NaN,           NaN,           NaN,       55740.8          NaN,           NaN,           NaN,           NaN,           NaN,       55740.1,           NaN,           NaN
SN2011de,     0.0291870,   5.00347e-05,     0.0264516,      0.782501,      0.160593,       99,       99,          -NaN,           NaN,       55715.8,       15.8823,    0.00255442,           NaN,          -NaN,           NaN,           NaN,          -NaN,           NaN,           NaN         -NaN,           NaN,           NaN,          -NaN,           NaN,           NaN,          -NaN,           NaN
SN2011by,    0.00284300,   6.33773e-05,     0.0119355,       1.11067,     0.0367938,       99,       99,    -0.0302305,    0.00307369,       55691.0,       12.9017,   0.000479698,       55692.6,       12.9319,    0.00303602,       55687.6,       12.5110,     0.0168267,       55688.5      15.8007,     0.0165000,       55690.2,       16.5456,    0.00430775,       55687.6,       14.0807,     0.0176400
SN2011ao,     0.0107060,   8.67268e-05,     0.0174194,       1.03839,     0.0651561,       99,       99,    -0.0207024,    0.00805762,       55640.0,       14.3375,   0.000788212,       55641.7,       14.3582,    0.00801897,       55637.8,       14.0604,     0.0112405,       55637.7      17.6634,    0.00765959,       55640.6,       18.7068,    0.00332928,       55637.1,       15.8957,     0.0140033
SN2011aa,     0.0123550,   9.67337e-05,     0.0245161,      0.652823,     0.0784651,       99,       99,     0.0315924,     0.0123925,       55611.9,       14.7940,    0.00115967,       55614.0,       14.7624,     0.0123382,       55607.5,       14.2109,     0.0321886,       55606.9      16.2985,     0.0353521,       55606.3,       16.0623,     0.0880430,       55606.8,       15.1768,     0.0353622
SN2011M,     0.0174320,   5.33703e-05,      0.355806,           NaN,           NaN,       99,       99,      0.358702,    0.00742003,       55593.1,       16.6872,    0.00112820,       55593.6,       16.3285,    0.00733376,       55590.5,       16.6494,     0.0403996,       55590.0      20.1376,     0.0942351,           NaN,           NaN,           NaN,       55590.2,       18.4749,     0.0188850
SN2011B,    0.00467000,   5.33703e-05,     0.0267742,       1.37213,      0.159197,       99,       99,     0.0133886,     0.0278153,       55583.9,       12.8478,    0.00224876,       55585.7,       12.8344,     0.0277243,       55579.9,       12.5231,     0.0825337,       55581.3      15.7955,     0.0943783,       55582.1,       16.3824,     0.0599546,       55579.8,       14.2765,      0.148018
SN2010ko,     0.0104410,   4.66990e-05,      0.122581,       2.16949,     0.0304003,       99,       99,      0.131368,     0.0138205,       55544.7,       15.7333,   0.000695705,       55547.0,       15.6020,     0.0138030,       55542.5,       16.0785,     0.0179497,       55545.1      19.7734,    0.00437005,           NaN,           NaN,           NaN,       55543.2,       17.9488,     0.0106306
SN2010kg,     0.0166420,   3.66921e-05,      0.134516,       1.28316,     0.0730358,       99,       99,      0.218234,     0.0170236,       55542.7,       16.0030,   0.000883102,       55545.6,       15.7848,     0.0170007,       55541.0,       16.1315,     0.0148497,           NaN          NaN,           NaN,           NaN,           NaN,           NaN,       55541.4,       17.7178,     0.0155210
SN2010hh,     0.0190060,   0.000140097,     0.0335484,           NaN,           NaN,       99,       99,      0.622004,      0.187210,       55448.2,       17.7408,    0.00248528,       55450.3,       17.1188,      0.187194,       55450.7,       19.3127,      0.269806,           NaN          NaN,           NaN,           NaN,           NaN,           NaN,           NaN,          -NaN,           NaN
SN2010gp,     0.0244800,   9.67337e-05,     0.0658065,       1.18721,     0.0828184,       99,       99,      0.187536,    0.00817163,       55406.2,       16.4288,    0.00102425,       55407.6,       16.2413,    0.00810719,       55403.6,       16.6878,     0.0368826,       55404.5      19.9117,     0.0131763,           NaN,           NaN,           NaN,       55404.0,       18.2782,     0.0437619
SN2010gn,     0.0365000,   5.33703e-05,     0.0264516,       1.19669,      0.281204,       99,       99,    0.00638008,     0.0115082,       55390.9,       16.8918,    0.00270176,       55391.0,       16.8855,     0.0111866,       55387.9,       16.7634,      0.148696,       55390.0      19.8575,     0.0238543,           NaN,           NaN,           NaN,       55387.1,       18.5030,      0.196344
SN2010ev,    0.00921100,   8.00555e-05,     0.0896774,       1.31903,     0.0686199,       99,       99,      0.279953,    0.00614378,       55384.4,       14.8767,   0.000813484,       55386.0,       14.5967,    0.00608969,       55382.0,       15.0832,     0.0197692,       55382.3      18.3883,     0.0194569,       55387.6,       19.2942,     0.0358283,       55381.9,       16.7275,     0.0180343
SN2010cr,     0.0215700,     0.0237431,     0.0258065,       1.79339,     0.0847114,       99,       99,     0.0412769,    0.00837262,       55311.4,       16.7432,   0.000904083,       55312.4,       16.7019,    0.00832367,       55309.0,       16.5874,     0.0369167,       55311.1      19.6228,    0.00608349,       55313.1,       20.2185,      0.118750,       55306.2,       18.4022,     0.0150655
SN2010Y,     0.0108600,   0.000113412,     0.0116129,       1.75041,     0.0364839,       99,       99,     0.0132837,    0.00263750,       55248.7,       15.0550,   0.000279903,       55250.4,       15.0417,    0.00262260,       55244.4,       14.7849,     0.0113408,       55244.0      17.7152,     0.0211096,       55244.3,       17.8148,     0.0129770,       55244.2,       16.2720,     0.0114997
PTF10icb,    0.00860600,     0.0102004,    0.00806452,      0.944477,     0.0896788,       99,       99,     0.0421505,    0.00874531,       55360.8,       14.5320,    0.00105619,       55362.3,       14.4898,    0.00868130,       55358.4,       14.1225,     0.0361107,       55355.8      17.5295,     0.0516415,       55363.5,       18.7489,     0.0850692,       55358.5,       15.8177,     0.0589999
SN2009jr,     0.0165480,   8.00555e-05,      0.116452,      0.904691,     0.0902706,       99,       99,      0.530294,    0.00529282,       55118.2,       16.7970,    0.00120163,       55123.1,       16.2667,    0.00515461,       55118.9,       17.0512,     0.0203695,           NaN          NaN,           NaN,           NaN,           NaN,           NaN,       55120.7,       18.8748,      0.275933
SN2009jb,     0.0300000,           NaN,     0.0370968,           NaN,           NaN,       99,       99,           NaN,           NaN,           NaN,           NaN,           NaN,           NaN,           NaN,           NaN,           NaN,           NaN,           NaN,           NaN          NaN,           NaN,           NaN,           NaN,           NaN,           NaN,           NaN,           NaN
SN2009ig,    0.00877000,   3.66921e-05,     0.0277419,      0.852476,     0.0358763,       99,       99,     0.0972385,    0.00233884,       55080.3,       13.5772,   0.000450611,       55080.7,       13.4799,    0.00229502,       55076.2,       13.3044,     0.0200194,       55076.9      16.6442,     0.0222230,       55081.0,       17.4145,    0.00466267,       55076.2,       14.8226,     0.0179996
SN2009cz,     0.0211380,   5.67060e-05,     0.0225806,       1.00117,     0.0602907,       99,       99,     0.0101461,     0.0293797,       54943.3,       15.8227,    0.00100040,       54945.4,       15.8125,     0.0293627,       54940.7,       15.6638,     0.0266964,       54941.4      19.1094,     0.0329533,       54936.1,       20.8735,     0.0635885,       54940.1,       17.5495,     0.0365127
SN2009an,    0.00923300,   0.000110076,     0.0161290,       1.42834,     0.0255520,       99,       99,     0.0415545,    0.00197357,       54898.3,       14.5412,   0.000211716,       54899.3,       14.4996,    0.00196218,       54896.3,       14.5110,    0.00498327,       54897.0      17.8539,    0.00292333,       54901.2,       18.9502,    0.00819016,       54896.8,       16.2187,    0.00371234
SN2009Y,    0.00935300,   9.33981e-05,     0.0880645,       1.05355,     0.0513034,       99,       99,      0.148912,     0.0125420,       54876.1,       14.3975,   0.000469208,       54879.8,       14.2486,     0.0125332,       54873.3,       14.3538,     0.0175741,       54874.4      17.6380,     0.0117957,       54878.1,       18.8025,     0.0115404,       54873.9,       15.9657,     0.0155516
SNF20080514002,     0.0221000,   0.000150104,           NaN,       1.42577,     0.0483427,       99,       99,     -0.119209,    0.00887886,       54612.0,       15.9900,   0.000538826,       54612.9,       16.1092,    0.00886250,       54609.1,       15.7110,     0.0214321,       54609.8      18.6133,     0.0216195,       54611.8,       18.7188,     0.0145664,       54609.1,       17.2288,    0.00966613
SN2008hv,     0.0125490,   0.000113412,     0.0277419,       1.30294,     0.0452581,       99,       99,    -0.0736761,    0.00127655,       54816.7,       14.8128,   0.000367165,       54817.3,       14.8865,    0.00122261,       54814.0,       14.3779,     0.0123749,       54815.2      17.6232,    0.00670687,       54817.3,       18.3864,    0.00400257,       54814.0,       16.0307,     0.0128694
SN2008hs,     0.0173690,   9.67337e-05,     0.0496774,       1.74188,     0.0519690,       99,       99,   -0.00198364,     0.0180418,       54812.3,       16.2887,   0.000674248,       54814.6,       16.2907,     0.0180292,       54809.3,       16.2697,     0.0212971,       54809.9      19.3002,     0.0248256,       54811.2,       19.7552,     0.0109215,       54809.4,       17.9816,     0.0233998
SN2008ec,     0.0163170,   6.00416e-05,     0.0593548,       1.24939,     0.0303734,       99,       99,      0.178672,    0.00852975,       54673.5,       15.8077,   0.000339508,       54674.4,       15.6290,    0.00852299,       54670.4,       15.6364,     0.0136248,       54671.8      18.8340,    0.00997305,           NaN,           NaN,           NaN,       54669.6,       17.4095,     0.0165725
SN2008Q,    0.00793500,   5.00347e-05,     0.0716129,       1.31667,     0.0679293,       99,       99,     0.0432014,    0.00948858,       54505.3,       13.7908,   0.000717640,       54506.6,       13.7476,    0.00946140,       54502.6,       13.3346,     0.0228550,       54502.9      16.4472,     0.0215912,       54503.1,       16.8413,     0.0294504,       54502.2,       14.8303,     0.0279775
SN2007on,    0.00649400,   4.33634e-05,     0.0100000,       1.83362,     0.0113140,       99,       99,      0.102790,    0.00184054,       54419.2,       13.0905,   0.000191212,       54421.4,       12.9877,    0.00183058,       54416.2,       13.0276,     0.0142856,       54415.9      15.9459,     0.0134411,       54415.9,       16.0925,     0.0110003,       54415.8,       14.5670,     0.0133753
SN2007cv,    0.00756200,   9.33981e-05,     0.0612903,       1.65642,     0.0523049,       99,       99,     0.0647602,    0.00330218,       54290.5,       15.2715,   0.000359535,       54291.8,       15.2067,    0.00328255,       54288.3,       15.0986,     0.0101220,       54288.6      18.5327,     0.0115430,       54296.1,       19.9590,     0.0210466,       54288.6,       16.8726,    0.00963020
SN2007cq,     0.0250000,   0.000166782,     0.0948387,           NaN,           NaN,       99,       99,           NaN,           NaN,           NaN,           NaN,           NaN,           NaN,           NaN,           NaN,           NaN,           NaN,           NaN,           NaN          NaN,           NaN,           NaN,           NaN,           NaN,           NaN,           NaN,           NaN
SN2007co,     0.0169620,   0.000123419,     0.0993548,       1.09301,     0.0306975,       99,       99,      0.149818,    0.00338241,       54264.2,       16.8835,   0.000337601,       54265.6,       16.7337,    0.00336552,       54262.6,       16.9765,    0.00862503,       54263.3      20.2366,    0.00155735,           NaN,           NaN,           NaN,       54263.8,       18.7605,   0.000555992
SN2007bm,    0.00621100,   0.000100069,     0.0354839,       1.12781,    0.00981562,       99,       99,      0.488153,    0.00130347,       54224.2,       14.6580,   0.000124931,           NaN,       14.1698,    0.00129747,       54221.7,       14.7899,    0.00310389,       54222.3      18.2677,    0.00196060,           NaN,           NaN,           NaN,       54221.0,       16.7639,    0.00528049
SN2007af,    0.00546400,   8.67268e-05,     0.0338710,       1.16718,     0.0137723,       99,       99,     0.0711145,    0.00103810,       54173.8,       13.2958,   0.000113487,       54176.3,       13.2247,    0.00103188,       54171.5,       13.1478,    0.00307155,       54172.7      16.4096,    0.00184584,       54173.8,       17.0452,   0.000479698,       54171.4,       14.7549,    0.00369215
SN2007S,     0.0138800,     0.0152139,     0.0209677,      0.833437,     0.0213158,       99,       99,      0.422386,    0.00159376,       54144.1,       15.9243,   0.000275612,       54145.9,       15.5019,    0.00156975,       54141.0,       15.9706,    0.00751638,       54142.0      19.1420,    0.00608921,           NaN,           NaN,           NaN,       54140.7,       17.8473,    0.00971365
SN2006mr,    0.00587000,   5.33703e-05,     0.0180645,       1.82605,     0.0106579,       99,       99,      0.733885,    0.00187160,           NaN,       15.4193,   7.34329e-05,           NaN,       14.6854,    0.00187016,           NaN,           NaN,           NaN,       54048.9      18.9121,    0.00287914,           NaN,           NaN,           NaN,       54048.9,       17.7208,    0.00249958
SN2006ej,     0.0204500,   0.000116748,     0.0303226,       1.33250,     0.0243265,       99,       99,      0.127904,    0.00136478,       53975.9,       15.9465,   0.000273705,       53976.9,       15.8186,    0.00133705,       53971.4,       15.6610,     0.0100404,       53974.3      18.7774,     0.0149221,       53970.2,       18.7563,     0.0148497,       53969.8,       17.3267,     0.0193181
SN2006dm,     0.0220200,   7.67199e-05,     0.0335484,       1.39627,     0.0502661,       99,       99,     0.0727463,    0.00889406,       53928.5,       16.1918,   0.000748634,       53929.8,       16.1191,    0.00886250,       53926.1,       16.0372,     0.0200005,       53924.8      19.5666,     0.0877705,       53925.2,       20.0197,     0.0782490,       53926.5,       17.6900,     0.0164394
SN2006X,    0.00524000,   0.000123419,     0.0225806,       1.09336,     0.0301121,       99,       99,       1.19130,     0.0162258,       53785.9,       15.3640,   0.000447273,       53788.4,       14.1727,     0.0162196,       53784.3,       17.0213,    0.00382884,       53786.8      19.3579,    0.00297674,           NaN,           NaN,           NaN,       53783.3,       18.3188,     0.0126152
SN2005ke,    0.00488000,    0.00465323,     0.0161290,       1.73150,     0.0248794,       99,       99,      0.617280,    0.00993831,       53698.4,       14.8880,   0.000402927,       53700.5,       14.2707,    0.00993013,       53696.2,       15.5778,    0.00872914,       53699.2      18.3195,    0.00473690,       53699.3,       18.8717,    0.00382153,       53697.9,       17.0315,    0.00295639
SN2005hk,     0.0129900,   6.33773e-05,     0.0196774,       1.57344,     0.0121211,       99,       99,     0.0957603,    0.00209363,           NaN,       15.9192,   7.29561e-05,       53688.2,       15.8234,    0.00209236,           NaN,          -NaN,           NaN,       53675.3      18.7292,    0.00293032,       53678.6,       19.6558,     0.0118472,       53679.2,       17.0910,    0.00244077
SN2005df,    0.00435000,   5.00347e-05,     0.0258065,       1.16395,     0.0182964,       99,       99,    -0.0663385,   0.000869117,           NaN,       12.3200,   0.000207424,           NaN,       12.3863,   0.000844002,           NaN,           NaN,           NaN,       53598.7      15.6309,   0.000500202,       53601.3,       16.9542,    0.00416692,       53597.3,       13.9066,    0.00433556
SN2005cf,    0.00646000,   7.67199e-05,     0.0848387,       1.09012,     0.0244537,       99,       99,     0.0325794,    0.00218231,       53532.6,       13.5975,   0.000235081,       53535.1,       13.5649,    0.00216961,       53531.7,       13.4436,    0.00611186,       53532.5      16.9006,    0.00301838,       53534.5,       18.3696,    0.00385046,       53532.3,       15.0539,    0.00436608
SN2005am,    0.00790000,    0.00844252,     0.0387097,       1.52015,     0.0153242,       99,       99,     0.0770712,    0.00218657,           NaN,       13.8510,   0.000226021,           NaN,       13.7739,    0.00217485,           NaN,           NaN,           NaN,       53436.6      17.0115,   0.000603676,       53441.5,       18.5990,     0.0178868,       53434.8,       15.3711,    0.00723330
